{
  "epoch": [
    1,
    2,
    3,
    4,
    5,
    6,
    7,
    8,
    9,
    10,
    11,
    12,
    13,
    14,
    15,
    16,
    17,
    18,
    19,
    20,
    21,
    22,
    23,
    24,
    25,
    26,
    27,
    28,
    29,
    30,
    31,
    32,
    33,
    34,
    35,
    36,
    37,
    38,
    39,
    40,
    41,
    42,
    43,
    44,
    45,
    46,
    47,
    48,
    49,
    50,
    51,
    52,
    53,
    54,
    55,
    56,
    57,
    58,
    59,
    60,
    61,
    62,
    63,
    64,
    65,
    66,
    67,
    68,
    69,
    70,
    71,
    72,
    73,
    74,
    75,
    76,
    77,
    78,
    79,
    80,
    81,
    82,
    83,
    84,
    85,
    86,
    87,
    88,
    89,
    90,
    91,
    92,
    93,
    94,
    95,
    96,
    97,
    98,
    99,
    100
  ],
  "hit_sampled": [
    0.3492063492063492,
    0.4021164021164021,
    0.4074074074074074,
    0.4444444444444444,
    0.43386243386243384,
    0.42328042328042326,
    0.4021164021164021,
    0.4021164021164021,
    0.4021164021164021,
    0.42328042328042326,
    0.43915343915343913,
    0.4444444444444444,
    0.4021164021164021,
    0.42328042328042326,
    0.42328042328042326,
    0.4444444444444444,
    0.4021164021164021,
    0.4497354497354497,
    0.43386243386243384,
    0.42857142857142855,
    0.4126984126984127,
    0.4021164021164021,
    0.41798941798941797,
    0.37566137566137564,
    0.4021164021164021,
    0.4074074074074074,
    0.3915343915343915,
    0.3862433862433862,
    0.37037037037037035,
    0.3492063492063492,
    0.37566137566137564,
    0.37566137566137564,
    0.42328042328042326,
    0.328042328042328,
    0.328042328042328,
    0.37037037037037035,
    0.31746031746031744,
    0.3862433862433862,
    0.3386243386243386,
    0.31216931216931215,
    0.32275132275132273,
    0.23809523809523808,
    0.38095238095238093,
    0.3492063492063492,
    0.32275132275132273,
    0.2804232804232804,
    0.30687830687830686,
    0.32275132275132273,
    0.25925925925925924,
    0.30687830687830686,
    0.291005291005291,
    0.32275132275132273,
    0.2804232804232804,
    0.30158730158730157,
    0.24338624338624337,
    0.291005291005291,
    0.24867724867724866,
    0.291005291005291,
    0.2857142857142857,
    0.26455026455026454,
    0.3439153439153439,
    0.31216931216931215,
    0.25396825396825395,
    0.2804232804232804,
    0.26455026455026454,
    0.2698412698412698,
    0.2698412698412698,
    0.31216931216931215,
    0.2804232804232804,
    0.2751322751322751,
    0.25925925925925924,
    0.2328042328042328,
    0.25925925925925924,
    0.2857142857142857,
    0.24867724867724866,
    0.24867724867724866,
    0.2804232804232804,
    0.24867724867724866,
    0.2751322751322751,
    0.25925925925925924,
    0.2857142857142857,
    0.2698412698412698,
    0.2751322751322751,
    0.2804232804232804,
    0.26455026455026454,
    0.2857142857142857,
    0.2328042328042328,
    0.2857142857142857,
    0.2962962962962963,
    0.2857142857142857,
    0.2698412698412698,
    0.32275132275132273,
    0.2804232804232804,
    0.30687830687830686,
    0.30687830687830686,
    0.23809523809523808,
    0.2751322751322751,
    0.2804232804232804,
    0.2857142857142857,
    0.30687830687830686
  ],
  "ndcg_sampled": [
    0.16662218042357402,
    0.21881661752301393,
    0.23454414951935462,
    0.23567568279517814,
    0.24069194504467478,
    0.2234309416864249,
    0.21088636577090392,
    0.22197946586284198,
    0.22471013452648564,
    0.2434844111714955,
    0.24998863764792784,
    0.24748634820874008,
    0.22397740595217533,
    0.2307892858301121,
    0.22410326452183799,
    0.22862032240929633,
    0.20181059501602336,
    0.22847509579631722,
    0.20990709400818722,
    0.21560914281108096,
    0.21016652777502184,
    0.19267933651643016,
    0.19982256459416967,
    0.18364675469849667,
    0.19608181394590357,
    0.1946782576849924,
    0.17755544396856845,
    0.16873400266748187,
    0.1704620291536916,
    0.15691842044307053,
    0.1815888593489314,
    0.16210654978977962,
    0.20965213978986325,
    0.15908418626514423,
    0.15174654227853393,
    0.16523039039957887,
    0.14474743782077998,
    0.17257408465748944,
    0.1552623736584112,
    0.14204948786671168,
    0.13673121670677776,
    0.11579802812484162,
    0.17363237927977992,
    0.16307280068809837,
    0.14458169697716491,
    0.1205346879726005,
    0.14523384574783824,
    0.14937123592471538,
    0.12193317387079079,
    0.13728137056350329,
    0.12644199579171447,
    0.1431807185855524,
    0.1356667149267002,
    0.14392417789543238,
    0.12363561249442177,
    0.13481834145496352,
    0.125315004385727,
    0.1334105760313149,
    0.14396460656617868,
    0.13996249410310582,
    0.17877164293725084,
    0.16162720600206057,
    0.11330902464811943,
    0.13578973043106976,
    0.12836714971735427,
    0.1360626923279264,
    0.1324663775786615,
    0.16273420492663007,
    0.1388623877494224,
    0.14054119443456883,
    0.13150547957652597,
    0.1179710353622711,
    0.13001278915332168,
    0.13379275254814776,
    0.1204759968333019,
    0.11385910785588008,
    0.13548384187056425,
    0.11803351598964981,
    0.14255791844473617,
    0.13463366308010058,
    0.14297497004410173,
    0.13116230572233048,
    0.13423981866961326,
    0.14026482646712332,
    0.13367751774981573,
    0.15064255944869334,
    0.11616415901718269,
    0.14653841070927798,
    0.16422809528640003,
    0.15557639626045458,
    0.14109413955039046,
    0.1566209484748742,
    0.15779756613360715,
    0.1476794752340016,
    0.15217065582093453,
    0.12442858706326396,
    0.13017700633859505,
    0.1404836480725301,
    0.14342080432294665,
    0.14454499236409826
  ],